{"cameraMode":{"drawMode":0,"name":"Shaded","section":"Shading Mode"},"sceneLighting":false,"audioPlay":false,"sceneViewState":{"m_AlwaysRefresh":false,"showFog":true,"showSkybox":false,"showFlares":true,"showImageEffects":true,"showParticleSystems":true,"showVisualEffectGraphs":true,"m_FxEnabled":true},"in2DMode":false,"pivot":{"x":-1.1920928955078126e-7,"y":0.7042480707168579,"z":-0.011319473385810852},"rotation":{"x":0.017323795706033708,"y":0.9279770255088806,"z":-0.043469689786434177,"w":0.36975207924842837},"size":1.0978385210037232,"orthographic":false}