{"cameraMode":{"drawMode":0,"name":"Shaded","section":"Shading Mode"},"sceneLighting":false,"audioPlay":false,"sceneViewState":{"m_AlwaysRefresh":false,"showFog":true,"showSkybox":false,"showFlares":true,"showImageEffects":true,"showParticleSystems":true,"showVisualEffectGraphs":true,"m_FxEnabled":true},"in2DMode":false,"pivot":{"x":-0.10610771179199219,"y":0.8048746585845947,"z":-0.5348963737487793},"rotation":{"x":0.053067851811647418,"y":-0.9450095891952515,"z":0.1949070394039154,"w":0.2572650611400604},"size":1.4189668893814088,"orthographic":false}