{"cameraMode":{"drawMode":0,"name":"Shaded","section":"Shading Mode"},"sceneLighting":false,"audioPlay":false,"sceneViewState":{"m_AlwaysRefresh":false,"showFog":true,"showSkybox":false,"showFlares":true,"showImageEffects":true,"showParticleSystems":true,"showVisualEffectGraphs":true,"m_FxEnabled":true},"in2DMode":false,"pivot":{"x":-5.960464477539063e-8,"y":0.8866344094276428,"z":-0.07838928699493408},"rotation":{"x":0.10784804075956345,"y":0.47721344232559206,"z":-0.059144698083400729,"w":0.8701646327972412},"size":1.345428705215454,"orthographic":false}