{"cameraMode":{"drawMode":0,"name":"Shaded","section":"Shading Mode"},"sceneLighting":false,"audioPlay":false,"sceneViewState":{"m_AlwaysRefresh":false,"showFog":true,"showSkybox":false,"showFlares":true,"showImageEffects":true,"showParticleSystems":true,"showVisualEffectGraphs":true,"m_FxEnabled":true},"in2DMode":false,"pivot":{"x":-0.030431270599365236,"y":1.2697439193725587,"z":-0.9206118583679199},"rotation":{"x":0.035774115473032,"y":-0.9544123411178589,"z":0.12758949398994447,"w":0.2675294578075409},"size":1.186232328414917,"orthographic":false}