{"cameraMode":{"drawMode":0,"name":"Shaded","section":"Shading Mode"},"sceneLighting":false,"audioPlay":false,"sceneViewState":{"m_AlwaysRefresh":false,"showFog":true,"showSkybox":false,"showFlares":true,"showImageEffects":true,"showParticleSystems":true,"showVisualEffectGraphs":true,"m_FxEnabled":true},"in2DMode":false,"pivot":{"x":-148.87924194335938,"y":1.2716898918151856,"z":-8.87840747833252},"rotation":{"x":0.06925457715988159,"y":0.8786395788192749,"z":-0.13444888591766358,"w":0.45302867889404299},"size":1.5643017292022706,"orthographic":false}