{"cameraMode":{"drawMode":0,"name":"Shaded","section":"Shading Mode"},"sceneLighting":true,"audioPlay":false,"sceneViewState":{"m_AlwaysRefresh":false,"showFog":true,"showSkybox":true,"showFlares":true,"showImageEffects":true,"showParticleSystems":true,"showVisualEffectGraphs":true,"m_FxEnabled":true},"in2DMode":false,"pivot":{"x":-52.385746002197269,"y":0.7842762470245361,"z":-49.92586898803711},"rotation":{"x":0.22812674939632417,"y":-0.3819436728954315,"z":0.09778647124767304,"w":0.8902850151062012},"size":2.5012705326080324,"orthographic":false}