{"cameraMode":{"drawMode":0,"name":"Shaded","section":"Shading Mode"},"sceneLighting":true,"audioPlay":false,"sceneViewState":{"m_AlwaysRefresh":false,"showFog":true,"showSkybox":true,"showFlares":true,"showImageEffects":true,"showParticleSystems":true,"showVisualEffectGraphs":true,"m_FxEnabled":true},"in2DMode":false,"pivot":{"x":-368.1697082519531,"y":1.4084413051605225,"z":-13.931356430053711},"rotation":{"x":0.05754130706191063,"y":-0.9425873160362244,"z":0.22796079516410829,"w":0.23756574094295503},"size":0.7549834251403809,"orthographic":false}