{"cameraMode":{"drawMode":0,"name":"Shaded","section":"Shading Mode"},"sceneLighting":true,"audioPlay":false,"sceneViewState":{"m_AlwaysRefresh":false,"showFog":true,"showSkybox":true,"showFlares":true,"showImageEffects":true,"showParticleSystems":true,"showVisualEffectGraphs":true,"m_FxEnabled":true},"in2DMode":false,"pivot":{"x":-152.6598663330078,"y":0.0019497871398925782,"z":319.6319580078125},"rotation":{"x":0.24193276464939118,"y":0.2665318548679352,"z":-0.06932111084461212,"w":0.9304100871086121},"size":2.0581490993499758,"orthographic":false}