{"cameraMode":{"drawMode":0,"name":"Shaded","section":"Shading Mode"},"sceneLighting":false,"audioPlay":false,"sceneViewState":{"m_AlwaysRefresh":false,"showFog":true,"showSkybox":false,"showFlares":true,"showImageEffects":true,"showParticleSystems":true,"showVisualEffectGraphs":true,"m_FxEnabled":true},"in2DMode":false,"pivot":{"x":-3.5206127166748049,"y":0.08823132514953613,"z":1.3516676425933838},"rotation":{"x":0.1503169983625412,"y":-0.011863796040415764,"z":0.0018063138704746962,"w":0.9885801672935486},"size":0.6002978086471558,"orthographic":false}